,review
0,"Vi var 4 der spiste en god gang pizza med r√∏dvin. Maden er dejlig og hyggeligt ‚Äústreetfood‚Äù koncept... rigtige pizza ovne!
Men n√•r man sidder midt i k√∏kkenet kan man ikke lade v√¶rre med at bem√¶rke den lidt uhygiejniske situation omkring ovnen. En del inventar og r√•vare st√•r direkte p√• gulvet, og alle traskede rundt i mel og hvad der nu m√•tte v√¶re spildt p√• gulvet."
1,"Vi spiste deleretter, 2 r√•, 2 varme og desert. De ""r√•"" retter var s√• delikate, friske og smagte fattastisk. S√• fik vi ""paste"" sk√•ret af sepia med kalve/kyllinge fond. Den sidste varme ret var courgette. Vi drak skalfermenteret (orange) fra Slovenske ƒåotar"
2,"Vi kom og stod og kiggede p√• menukort. Der stod en mandlig tjener i d√∏ren og vi spurgte om vi m√•tte tage et bord. Han svarede meget arrogant uden at kigge op p√• os. Det var n√¶sten som om vi ikke var velkomne. Da vi fik vores ret, var vi meget skuffet. 200 kr. For to meget sm√• stk. Fisk og √¶rter, som kom fra en frostpose. Vi var dog ikke de eneste han var ubeh√∏vlet overfor, s√• der kommer vi ikke igen. Han var meget arrogant og meget ubeh√∏vlet generelt."
3,"Vi valgte at k√∏be deres menu best√•ende af syv retter. Virkelig god mad, og en lidt anderledes og speciel oplevelse. Tjeneren som tog imod os var ret god og serviceminded, men efterh√•nden som der blev travlt kom andre tjenere med noget af maden, og de virkede mildest talt forvirrede og pr√¶senterede noget helt andet end hvad vi havde p√• tallerkenerne.
Der var dog god stemning, god mad og fantastisk vin."
4,"Vi har 3 gang f√∏r spist p√• K√∏dbyens Fiskebar, men i dag valgte vi at forlade stedet efter vores snack (Smelt med citronmayo), hvilket pludselig er blevet markant mindre og koster 65 kr. 8 sm√• smelt til 65 kr. Jeg gjorde dem opm√¶rksom p√• min undren, men deres ‚Äùleder‚Äù opf√∏rte sig blot arrogant og nedladende. Vi fik dog lidt ekstra men det burde slet ikke v√¶re n√∏dvendigt at pointere problemet.

Jeg spurgte endvidere ind til deres menu, som bestod af mere tilbeh√∏r end reelt fisk, hvorefter jeg fik svaret, at hvis jeg vil ha fisk s√• kunne jeg bestille √† la carte‚Ä¶ hvad pokker er det for noget, det er jo en fiskerestaurant jeg er kommet p√•, s√• servere fisk i stedet for tilbeh√∏r.

Vi forlod stedet med en regning p√• 50 kr. for 2 glas vand samt yderligere 160 kr. for 2 sm√• glas hvidvin og selvf√∏lgelig de 65 kr. for smelten. Vi kommer der aldrig igen!

Jeg er endvidere ret tr√¶t af, n√•r man bestiller mad eller vin, at man skal betale for postevand/filtreret vand. Det burde ikke v√¶re n√∏dvendigt med de relativt h√∏jre priser de tager.

Hvis man vil ha en dejlig oplevelse s√• ta i stedet p√• Sticks'n'Sushi Istedgade og bestil en ekstravaganza menu. Her er vandet endvidere gratis!"
5,Super sk√∏nne retter og fin betjening. Det kunne jeg klart g√∏re igen og anbefale til andre. Og stemningen i K√∏dbyen er dejlig
6,"Vi kom for at fejre vores datters kandidatforsvar og blev m√∏dt med en uhumsk lugt af urin.
Vi havde bestilt p√• forh√•nd og f√•et det sidste bord. Vi fik anvist et ok bord men til vores overraskelse var der masser af ledige borde i den tid vi har til stede i restauranten. Servicen var ikke professionel ved ankomst ej heller resten af aftenen.
Vi fik et ok m√•ltid var dog noget overrasket over at der ikke var br√∏d til √∏sterserne.
Toiletterne var ikke bedre i forhold til lugtgener.
Vi kan desv√¶rre ikke anbefale K√∏dbyens Fiskebar."
7,"Kender Fiskebaren gennem mange √•r nu og det er et sted der levere sikker kvalitet hver gang. Moderne nordisk k√∏kken baseret p√• lokale r√•varer. Kan b√•de det avancerede og det simple og sjove. Vinkortet er godt, herunder med (gode) danske vine og er man mere til √∏sters og cocktails / bobler, s√• er stemningen ogs√• til dette. Min anbefaling er klart at l√¶gge sig i k√∏kkenets h√¶nder og tage den 7 retters, dagens menu ""under overfladen""."
8,"De er virkelig gode til at tilberede fisk hos Fiskebaren. Min k√¶reste og jeg valgte 7-retters menuen med 5 glas vin til og det hele smagte fantastisk. Dog var der is√¶r √©n ret, jeg sent vil glemme: Jeg har i mange √•r ikke spist bl√¶ksprutte, hvilket mest skyldes en fjollet angst for sugekoparmene, men jeg valgte alligevel menuen selvom en af retterne var med bl√¶ksprutte, og det er jeg virkelig glad for at jeg gjorde, for jeg fik de mest velsmagende, m√∏re ""nudler"" lavet af bl√¶kspruttens krop i en dashi (bouillon) og under disse var der sm√• h√•rdtgrillede bl√¶kspruttearme. S√• enkelt og s√• l√¶kkert. Vinene til maden var helt perfekt valgt og betjeningen var utroligt s√∏d og vidende. Formidabel fiskebar, jeg vender tilbage!"
9,"To venner p√• herretur. Vi startede med en god coctail, hvorefter vi fik flere forskellige sm√•-retter. Retterne var l√¶kre, dog synes jeg de var noget fedtede med stenbiderrogn i min servering. Til geng√¶ld var muslingerne og helleflynder helt perfekt tilberedt og meget l√¶kkert. Trods mange g√¶ster var serveringen opm√¶rksom og tilstedev√¶rende."
0,"Har ofte bes√∏gt dette sted med gode oplevelser, men enten er der kommet nye ejere eller ogs√• havde k√∏kkenet en meget d√•rlig dag.
De dampede muslinger var helt udkogte og kun trevler tilbage og suppen havde f√•et alt for meget citron. Da vi p√•pegede det var tjevetens besked at den d√•rlige konsistens var fordi brugte √∏kologiske muslinger.... come on!
Min g√¶st fik fish and Chips og her var den hjemmelavede remulade ikke ret vellykket.
Vi pr√∏vede med 4 √∏sters som ikke duftede eller smagte helt friske.
Tjeneren var s√∏d og venlig med maden en katastrofe"
1,"Kvaliteten er god, men priserne er ofte for h√∏je. Hyggeligt sted, hvis man spiser alene, men for en romantisk aften ville jeg finde et andet sted."
2,"Vi fik bl.a. √∏sters, muslinger, sandart, stenbiderrogn. Hver ret var delikat, velsmagende og super frisk. Dejlig oplevelse. Fantastisk betjening."
3,"Bestilte 3 retter til deling.

Fish & Chips, Helleflynder og Kulmule. Hold nu op for en omgang. Det er muligvis det l√¶kreste tilberedte fisk jeg har smagt l√¶nge p√• dansk jord. Eller, det er det.

Helt sublimt. L√¶kkert for √∏jnene og ens sanser bliver virkelig sat p√• pr√∏ve under m√•ltidet. Vinen dertil som vi valgte var et l√¶kkert glas hvidvin til den nette sum af 85kr. Og smagte kanon.

Stemningen er hyggelig, intim og med musik valgt til den hyggelige stund. Baren som fungerer som bord for Walk-ins fungerer som ‚Äú√∏‚Äù for hele restauranten og er underholdende at observere.

Tjenerne, som der i √∏vrigt er mange af samt meget h√∏flige og service-mindede, g√∏r et godt indtryk og g√∏r alt for din aften forl√∏ber som du √∏nsker den.

Kommer gerne igen n√•r jeg er sulten for fisk igen!"
4,Hyggeligt sted med hurtig servering. Maden er god og veltilberedt Et opm√¶rksomt personale s√∏rger for at man ikke mangler noget.
5,"Jeg bookede et bord til 12 uden min mands vidende p√• hans 30 √•rs f√∏dselsdag. Alle i restauranten var meget hj√¶lpsomme fra det √∏jeblik, vi ankom - boblerne stod klar, s√• vi kunne sk√•le efter at have r√•bt SURPISE - tjenerne spurgt til vores foretrukne bordopstilling, hvordan/om vi ville gemme os osv. Det var virkelig fedt, at de s√• gerne ville hj√¶lpe til.

Vi havde en fantastisk tjener, som p√• selskabets vegne aftalte en f√¶lles 3-retters menu med k√∏kkenet, s√• alle fik det samme. Min mand har en lang r√¶kke allergener, som faktisk har betydet, at han overvejet slet ikke at g√• ud at spise p√• sin f√∏dselsdag pga. besv√¶ret - men her kom vores fantastiske tjener os til unds√¶tning og arrangerede en helt speciel menu til ham. Kokken kom ogs√• ind og dobbelttjekkede allergenerne og fors√∏gte efter bedste evne at komme med forslag til helt nye retter, som han ville kunne t√•le.

Vi fik 3 rigtig dejlige fiskeretter - sletvar til forret, torsk til hovedret og en fantastisk stikkelsb√¶rdessert til slut. Bobler og en rigtig dejlig hvidvin, som min mand fik lov at v√¶lge efter en smagning af hele fire forskellige glas - igen p√• vores tjeners opfordring.

Maden var ualmindelig god og bedre, smukkere og med flere nuancer, end vi normalt oplever p√• restauranter i dette prisleje i K√∏benhavn. Men det er betjeningen som g√∏r, at vi helt sikkert kommer tilbage. Det var outstanding."
6,"En overordnet god aften p√• K√∏dbyens Fiskebar.
Retternes smag samt anretning var meget l√¶kker. Der var et overordnet godt flow imellem retterne.
Br√∏det med tangsm√∏r smagte utroligt l√¶kkert.
Det var en smule √¶rgerligt, at forretten kom s√• hurtigt som den gjorde, eftersom vi startede aftenen med en flaske champagne - dette bet√∏d, at vi fik den f√∏rste vin serveret p√• samme tid som champagnen.
Vi var ved bordet enige om, at en del af vinene var en kende for dominerende ift. maden, men det er naturligvis en smagsag. Generelt var det gode vine! Glassene var ganske gener√∏st fyldt op.
Da det jo er en fiskerestaurant, forventede jeg overordnet hvidvin, hvilket vi ogs√• fik - men det kunne have v√¶ret rart med r√∏dvin til hovedretten, som jeg tror ville g√• fint med en sart r√∏dvin a la pinot noir eller sp√§tburgunder - igen, dette er blot en smagssag!
En af ""vinene"" var en form for iste, der desv√¶rre blev serveret i brandvarme glas; jeg g√•r ud fra, at de lige var kommet ud af opvasken - vi p√•talte dette over for tjeneren, hvortil hendes kollega krediterede med en smule ekstra dessertvin - ganske fint.
Det skete nogle gange i l√∏bet af aftenen, at maden kom p√• bordet inden den dertilh√∏rende vin - en √¶rgerlig fejl.
I l√∏bet af aftenen blev vi betjent af mange forskellige tjenere - nogle bedre end andre, hvilket jeg synes var en smule √¶rgerligt. De fleste af tjenerne var utroligt vidende om s√•vel mad som vin, mens andre desv√¶rre virkede en smule usikre - dog var de allesammen h√∏flige og flinke.
Lokalerne var godt indrettede, og sp√¶ndende med alle spejlene!
Alts√• en overordnet god aften, dog med enkelte fodfejl, der er nemme at rette op p√•.
Jeg kan p√• det kraftigste anbefale K√∏dbyens Fiskebar til andre spisende, og jeg kommer gerne igen!"
7,6 deleretter af svingende kvalitet. Nogle retter var sublime andre knap s√• interessante. Dejlig br√∏d med tangsm√∏r var helt i top. Stort vinkort og alle i det h√∏je prisleje. God og opm√¶rksom betjening.
8,Vi havde bes√∏g fra Malaga og skulle finde et sted hvor vores Spanske ven kunne f√• god fisk. Det var en herlig frokost god mad og god service - lidt i den dyre ende
9,"Fiskebarens √∏sters er i top og der er mange variationer, og i kombination med gode bobler til gode priser, er det en stor anbefaling v√¶rd. √òvrige retter er ogs√• l√¶kre og sp√¶ndende at kombinere, s√• man kan smage forskelligt. Betjeningen er ok, der er st√¶rkt fokus p√• mersalg. Meget fleksible mht. reservation."
0,"Vi bes√∏gte i aften K√∏dbyens fiskebar som vi havde h√∏rt meget godt om forinden. Da vi ankommer bliver tilbudt et bord ved indgangen foran det omr√•de, hvor overt√∏j skal h√¶nge. Dette var meget upraktisk, da man gennem m√•ltidet blev st√∏dt ind i, hver gang folk skulle have deres jakker. Dette havde v√¶ret til at overleve, hvis ikke det havde v√¶ret for din ringe service. Vi finder et langt h√•r i en af vores retter og oplyser en tjener herom. Retten bliver fjernet uden der bliver sagt undskyld. Lidt efter kommer der en ny, men ellers sker der intet. Vi oplyser endnu en tjener samt stedets host om problemet, hvor vi blot f√•r et svar om, at vi alle er mennesker og det jo er hvad der kan ske.

Vi mistede appetitten og forlod hurtigt bordet uden egentlig at v√¶re f√¶rdige med at spise og fortsatte vores aften et andet sted.

Meget skuffende oplevelse p√• et sted vi ellers havde h√∏rt var v√¶rd et bes√∏g."
1,"KF er bare godt! der er ikke mere at sige om det... og jo.
vi tog en 7 retters med 5 vine til. og det var: fantastisk.
vin og mad, spillede fantastisk sammen.

specielle vin, som f√∏rst virker lidt sp√∏jse. men s√• sammen med maden virkelig spiller max.

en oplevelse og vi kommer igen."
2,"Dejligt at man stadig kan g√• ind fra gaden og f√• bord p√• Fiskebaren. Vi tog frokostmenuen til 300. Smuk og velsmagende sletvarservering, dern√¶st stegt kulmule med br√¶ndt k√•l og sorte kaffekartofler og sidst men ikke mindst en meget delikat syltet blomme, marengs og isdessert.

Alle retter ikke bare smagte godt, men var ogs√• en fryd for √∏jet. Engelsksproget betjening, s√• vi gik desv√¶rre glip af et par detaljer, men bestemt venlig og opm√¶rksom.

Jeg manglede lidt salt undervejs - √¶rgerligt at det ikke findes p√• bordet. Atmosf√¶ren er afslappet og hyggelig og indretningen hyggelig."
3,"Bestilte helleflynder til hovedret, fik et stykke fisk p√• mellem 80 og 100 gram med ca 20 gram tangdressing og ca 10 gram t√∏rstegte gr√∏nsager. Dette m√•ltid kostede 190 kr det kalder er r√∏veri. Ikke et sted jeg kommer hvor igen eller anbefaler."
4,Kan du lide √∏sters og bobler er dette stedet i et fedt autentisk omr√•de af K√∏benhavn hvor der f√∏r gik slagtere og k√∏er rundt. Fiskebaren er r√•t indrettet og du f√•r de sk√∏nneste tilberedte retter. Bedste sted i byen til fisk og skaldyr
5,"√òsters, fish and chips er bare her p√• stedet man spiser det bedste, Historisk sted og meget hyggeligt sted. Men √∏ster er bare super gode her. Kan varmt anbefale et bes√∏g her."
6,"Her f√•r du virkelig l√¶kker mad med fokus p√• fisk og skaldyr. Trendy restaurant med et meget internationalt publikum.
Lokalet er hyggeligt men der er en del st√∏j og d√•rlig akustik.
V√¶lg den store menu, s√• du f√•r pr√∏vet lidt af hver. Man kan frav√¶lge √∏sters, hvis man ikke bryder sig om dem.
Godt udvalg af vine og cocktails."
7,"Vi gl√¶dede os til at spise p√• denne restaurant, men maden levede slet ikke op til vores forventninger. Jeg bestilte kun hovedret, fordi jeg fik at vide, at jeg ikke ville kunne spise en lille varm ret til, hvilket viste sig at v√¶re forkert, fordi jeg kom sulten hjem og m√•tte spise igen.
Jeg fik 2 sm√• stykker fisk og 3 stykker babymajs og det var det. Det kan man ikke blive m√¶t af. Desuden var der meget v√¶ske under fisken, s√• jeg m√•tte hele tiden flytte fisken p√• tallerken for at komme af med v√¶sken.
Tjenerne kunne ikke tale dansk og da vi ikke kender navne af alle fisk p√• engelsk, s√• var det op af bakken. Da jeg p√• et tidspunkt sagde til en mandlig tjener, at jeg ikke forstod, s√• blev han sur og fornermet. Andre tjenere lyttede slet ikke til os. Min datter bestilte en ret med helleflynder, som hun aldrig fik. Vi blev enige om, at det var en d√•rlig oplevelse og at vi ikke kommer der igen."
8,"Sk√∏desl√∏s selvtilstr√¶kkelig velkomst, ingen kigger nogen i √∏jenene og mangel p√• engagement ,service og tid til dig. Vi havde inviteret 2 venner , tjeneren kom flyvende selvom restauranten kun var halv fyldt, fortalte en af vores g√¶ster menuen, hvorefter vores g√¶st m√•tte fort√¶lle os hvad der foregik. Maden var desv√¶rre ogs√• ringe i kvalitet, har tidligere bes√∏gt stedet og var tilfreds. Der var ingen af de 10 retter vi fik som smagte bare lidt sp√¶ndende, faktisk smagte det hele lidt af det samme. Vi bestilte en god flaske vin som blev delt i 4 glas , rigelig m√¶ngder i et glas, endnu en flaske p√• samme m√•de, selvom jeg spurgte hvad vi s√• skulle bruge vink√∏leren til .... efter hovedretterne s√• vi ingen tjener,. M√•tte g√• til baren efter laaang tid og sp√∏rge efter kaffe, og laaaang tid derefter m√•tte vi g√• til baren for at f√• regning. hipster hipster eller ........kom nu ind i kampen."
9,"Vi var fire, som bestilte en menu p√• 7 retter til kr. 700. Vi kom fantastisk fra start, forretten var superb, men s√• tog vi et brat fald - et stykke t√∏rt √∏rred p√• en persillesauce. De n√¶ste retter var samme stil, mindre kedelige, men slet-slet ikke p√• niveau med prisen. Desserterne var acceptable. L√¶g dertil meget lang ventetid undervejs."
0,"Dejlig betjening - og endnu bedre fisk. Vild med stedet!! Fik knivmuslinger, √∏sters og et par andre l√¶kkerier - s√• l√¶kkert!!"
1,"Alt i alt god mad, middel service d√•rlige omgivelser. Vi gik sultne fra restaurant eftersom retterne var mikroskopiske men priserne t√•rnh√∏je. En mini, mini st√∏rrelse af brioche med krabbe til 95 kr. Ikke prisen v√¶rd!"
2,"Havde h√∏rt godt om stedet, og blev bestemt ikke skuffet. Fik en k√¶mpeportion bl√•muslinger - dampet perfekt og med en herlig sauce til. Hurtig og venlig betjening. Det bliver sv√¶rt at g√∏re meget bedre"
3,"Speechless! S√• ringe service skal man da lede l√¶nge efter. K√∏dbyens fiskebar har v√¶ret rigtig god, men efter at de har f√•et flere kunder er de blevet snobbet og ligeglad med kunderne. F√∏j for en attitude. S√¶tter aldrig min fod der igen!"
4,Oplev denne l√¶kker og fine hyggelig Fiskebar! Der er altid rigtig dejligt og lokalt mange stamg√¶ster - Det tror / f√∏ler jeg. SUPER l√¶kker frokost og ikke mindst de altid SUPER FRISKE FISK OG SKALDYR. NYD en rigtig dejlig dag og ikke mindst den er altid et hit blandt forretninger & ogs√• sammen med venner og familien...
5,"Alt for dyrt i forhold til den ekstem d√•rlige service og sammen klemt border! Var s√• meget larm og sad s√• t√¶tte at vi kun kunne h√∏re naboen sin samtale, men ikke havd hinanden sagde..
Maden var god, men 295dkk f√•r du to sm√• mundfulde krabbe."
6,"Forretningsmiddag med 2 amerikanere. Vi sad udenfor en sk√∏n maj aften. Amerikanerne fik √∏sters og var begejstrede og vi andre fik en fin stenbiderrogn. Hovedretten var Kulmule og den var rigtig vellavet. Fik rarbaber til dessert og det smagte super godt. Macon vinen var god og kan klart anbefales.

Det tog lidt tid at f√• fat i en tjener, de var ret cool men bortset fra den s√∏de v√¶rt der tog imod os havde de lidt for travlt med sig selv som man desv√¶rre oplever lidt oftere i Danmark end i andre lande. Jeg kommer helt klart igen trods betjeningen p√• dagen ikke var i top var maden. Det var mit 3 bes√∏g og maden har altid v√¶ret i top."
7,"K√∏dbyen er blevet et mad mekka med en lang r√¶kke sp√¶ndende spisesteder. En af disse er K√∏dbyens Fiskebar, der som navnet angiver serverer fisk og alt godt fra havet. Menuen er ikke specielt omfattende, men alle de retter jeg har pr√∏vet igennem en √•rr√¶kke har alle v√¶ret meget veltillavede og velsmagende.
Omgivelserne er meget rustikke og akustikken ikke den bedste. Betjeningen ofte af udenlandsk herkomst, hvilket giver stedet en international atmosf√¶re.
Desv√¶rre er produktkendskabet ikke i top b√•de hvad ang√•r maden og i s√¶rdeleshed omkring vinene.
Det kan anbefales at bestille bord, specielt om sommeren og altid om aftenen."
8,"Super fine retter, nogle m√•ske lige sm√• nok til prisen. Men god smag og frisk fisk. Servicen var okay, vi kom da der var ret godt gang i den, men fik hurtigt bord. Men de k√¶mpede lidt med at finde ud af hvem der havde bestilt hvad ved bordene. Men alt i alt en god oplevelse og et bes√∏g v√¶rd hvis det skal v√¶re fisk og skaldyr."
9,"Stedet force er sm√• retter, s√• man kan n√• at smage en masse forskelligt. Man anbefaler 3-4 stk., og det passer nok meget godt til de fleste. Vi (2 personer) delte s√• oven i k√∏bet retterne (det varede lidt, f√∏r det gik op for betjeningen og vi fik ekstra tallerkener). Alt meget velsmagende og l√¶kkert - af den slags, som ikke bare selv laver. Stort lokale med frit udsyn til det ikke mindre k√∏kken. B√•de kokke og serveringspersonale meget unge, men der var styr p√• det hele. Fin aften!"
0,Sure og arrogante tjenere / gav min mad til en anden g√¶st / absolut ingen service - endte med at betale 70 kroner for et glas sur hvidvin og fik ikke noget at spise fordi de glemte at jeg ikke fik min mad. Virkeligt en elendig oplevelse
1,I dag var min sidste bes√∏g hos fiskebar vi fik en rigtigt d√•rlig behandling fra en som skul v√¶re ‚Äúmenager‚Äù med d√•rlig hum√∏r og har √∏delagt vores s√∏ndag med familie ..... arrogant usympatisk og uprofessionel.jeg vil ikke anbefale mere denne restaurant h√•ber ejer vil g√∏re n√∏get med det....
2,"Jeg er normalt ikke den store fiskeelsker, men et bes√∏g p√• K√∏dbyens Fiskebar var godt nok et hit. Fisken var utrolig l√¶kker og fik mig ikke til at fortryde at jeg ikke havde bestilt en b√∏f (som de ogs√• har p√• menukortet til typer som mig). Derudover havde de ogs√• nogle l√¶kre skaldyrsretter, som jeg s√• er helt vild med, som ogs√• var helt i top. Betjeningen var rigtig god, og stedet har en hyggelig og cool atmosf√¶re. Kan klart anbefales, ogs√• selvom man ikke er den st√∏rste fan af fisk."
3,Super funky og l√¶kker mad. Er du til skaldyr og fisk er dette stedet. Start i for√•rssolen og f√• lidt bobler og √∏sters inden du rykker indend√∏re -f√• ganske enkelt ikke bedre!
4,"Vi spiste frokost og fik fish&chips samt en bl√¶ksprutte. Den sidste var s√• minimal, at den ikke m√¶ttede. Alt smagte dog fint. Vi drak et glas vin til og bad om at f√• postevand til. Vandet betalte vi s√• lige 50 kr for! Det synes jeg ikke er OK, n√•r man ogs√• drikker vin. Bagefter bestilte vi kaffe - helt almindelig kaffe. Og fik espresso, fordi de ikke havde almindelig kaffe, p√•stod tjeneren. Jamen s√• sig det dog, istedet for at servere noget andet, som jeg jeg s√• skal betale for."
5,Helt igennem fantastiske retter af en meget h√∏j kvalitet. Meget delikat og meget velsmagende. Start med pr√∏vesmagning af forskellige √∏sters. Sk√∏n oplevelse.
6,"Vi var to, der s√∏gte et godt frokoststed og fandt Kodbyens Fiskebar. Kendte ikke stedet i forvejen, men fik en fremragende kulinarisk - og √¶stetisk - oplevelse. Og portionernes st√∏rrelse var lige tilpas til os. Vi valgte stedets uspecificerede frokostmenu til 300 kr. og fik virkelig valuta for pengene. Der var ikke en plet at s√¶tte p√• betjeningen og kan man - som vi - lide det lidt r√• interi√∏r var vi enige om, at vi ikke kunne have fundet et sted, der passede os bedre. Vi var der lidt tidligt dvs ved 12-tiden og havde ikke sv√¶rt ved at f√• bord, selvom vi ikke havde bestilt, men normalt vil jeg tro det er en god id√© at
forudbestille."
7,"Eller s√• t√¶t man kan komme p√• det.

Forretter: kongekrabbe og stenbidderrogn som dele forretter.
Hovedretter: ovnbagt torsk og kulmule
Dessert: fire sm√• petit fours

L√¶kkert br√∏d med super l√¶kkert sm√∏r og vi fik flere gange.

Kaffe, to glas vin og vand med brus

Samlet 1.400 kr

God betjening med store smil.

Og s√• var den m√∏rke tjener ret l√¶kker :-)

Vi kommer sikkert igen!"
8,"Generelt alt alt for dyrt til alt alt for sm√• portioner.
Et lille glas Cremant til 120 kr.
Bittesm√• retter, som godt nok er velsmagende, men en voksen mand skal nok have 6 stk. for at blive nogenlunde m√¶t.
Der mangler ogs√• et dessertkort. Ost er ikke det mest tillokkende efter fiskeretter.

Og s√• sp√∏rger de, som mange andre steder, om man vil give drikkepenge i forbindelse med betaling med kort. Jeg f√∏ler et ubehageligt pres, og i Danmark er drikkepengene inkluderet i prisen, s√• egentlig kunne de lige s√• godt sp√∏rge, om man bare har lyst til at betale noget mere for en i forvejen dyr vare.
Da man i sin tid lagde drikkepenge i kontanter, gav man drikkepengene til den tjener der serverede. Guderne m√• vide hvem der f√•r drikkepengene nu, det er jo ikke tjeneren, der har adgang til de bel√∏b, som kommer ind digitalt."
9,Fik et godt lille m√•ltid i en glimrende omgang fish&chips. Det var l√¶kker frisk fisk friturestegt i en rigtig god dej. Grove fritter med en fyldig hjemmelavet remoulade med masser af finthakket pickles.
0,De er sj√¶ldent at man finder en restaurant som kan servere en menu med mange l√¶kre fiskeretter. Det var en kulinariske fiskeoplevelse.
1,"K√∏benhavn var fyldt med mennesker, s√• alle restauranter vi ringede til p√• forh√•nd takkede nej tak til reservation.

Vi tog chancen efter kort drink i Tivoli Foodhall og bev√¶gede os mod Vesterbro.

Vi blev p√¶nt modtaget i K√∏dbyens Fiskebar. De havde rigelig plads trods rigtig mange g√¶ster. Stemningen var god og man f√∏lte sig vel tilpas.

Vi valgte en r√¶kke delikate fiskeretter herunder spr√∏de fish and Chips. Den klassiske spise var helt p√• h√∏jde med dem man f√•r i London

Det blev ogs√• til bl√¶ksprutter og sandart. Vi toppede m√•ltidet med en mindre osteretning med portvin.

Det trak lidt ned, at vi ikke kunne f√• den hvidvin der stod p√• kortet og istedet blev tilbudt en vin til 1100 kroner mere. Vi valgte derfor en tredje til en mere spisevenlig pris.

Nabobordet valgte bl√•muslinger og en r√∏dsp√¶tte. Det s√• meget l√¶kkert ud og skal bestemt pr√∏ves en anden god gang"
2,Fliser p√• v√¶gge og st√•lborde giver god setting for det cool mad og drinks p√• baren. L√¶kkert mad og sk√∏nt h√¶nge ud sted
3,"K√∏dbyens Fiskebar er en af mine ynglingssteder, n√•r jeg har lyst til moules. Elsker stemningen og atmosf√¶ren."
4,"Meget bes√∏gt restaurant med et godt udvalg af l√¶kre, friske retter af fisk og skaldyr. Meget fint vinkort og mange gode bobler. Der er larm p√• grund af lokalet, musik og de mange g√¶ster. Meget s√∏d betjening og muligt for at f√• gode r√•d om vinvalg."
5,"Nogle af de bedste og friskeste fiskeretter, jeg l√¶nge har spist. Fremragende kvalitet, venlig betjening, ok priser i lyset af kvaliteten. Eneste ulempe er akustikken i et lokale fyldt med sten, fliser og beton - ikke ideelt for is√¶r den √¶ldre generation."
6,"virkelig dejlig mad. Vi bestilte 7- retters menuen, hvilket varmt kan anbefales. Vi blev m√¶tte , men ikke overm√¶tte. De forskelige retter var meget delikate og havde hver deres s√¶rlige twist. Fisken virkelig l√¶kker tilberedt. God service, ikke prangende, og som s√¶dvanlig n√•r vi g√¶ster k√∏dbyens restauranter , bliver vi hurtigt tr√¶tte i hovedet af st√∏jniveauet, hvilket jo skyldes akustikken."
7,"Gik efter den store udgave med vinmenu, og det fungerede fuldst√¶ndig - l√¶kre retter hvor hvert glas vin passede perfekt til, eneste minus var desserten, som bar lidt for salt for min smag!
Klart et sted at anbefale hvis man vil bruge lidt penge p√• god mad!"
8,"Jeg har for kort tid siden g√¶stet og anmeldt s√∏sterrestauranten Musling, og det var derfor med visse forventninger, at jeg havde bestilt bord sammen med to venner en hverdags sommeraften.

Vi valgte at sidde udenfor og nyde det gode vejr, men mens bordet blev klar, fordrev vi tiden i baren. Vi bestilte en flaske af husets udm√¶rkede Pierre Gerbais champagne (550 kr), som jeg ogs√• kendte fra Musling - med den tanke, at vi ogs√• kunne forts√¶tte med denne til menuen.

To af os lagde ud med at dele en omgang √∏sters. Vi smagte to slags, 3 stk af hver (150 kr hhv. 120 kr) - alle var friske og gode. Som tilbeh√∏r var der en skilt gr√∏n olie/eddike, hvis man √∏nskede en mindre fersk/r√• oplevelse. Udm√¶rket.

Imens n√∏d trediemanden en slethvarre med r√∏get musling, tang og rug (125 kr). Han klagede ikke - det er et godt tegn!

Som n√¶ste ret valgte jeg den pocherede hummer fra Limfjorden med gr√∏nne jordb√¶r og hesteb√∏nner (235 kr). Virkelig godt.

Det var tid at bestille mere vin. Valget faldt - efter anbefaling fra vintjeneren - p√• en udm√¶rket, t√∏r Mosel Riesling (400 kr).

Som hovedret valgte jeg den bagte torsk fra Kattegat med guler√∏dder, kartofler vendt i l√∏vstikke og en gul peberrodsauce (med safran?) (275 kr). Virkelig l√¶kkert og perfekt tilberedt - torsken faldt i flager, s√• snart man r√∏rte den!

Det kan lade sig g√∏re at spise billigere... Imens n√∏d mine ledsagere Fish n'chips (110 kr) og pighvarre med kantareller (185 kr).

Herefter var de to andre m√¶tte, men jeg mente godt, at jeg ville have en dessert. Jeg valgte en yderst delikat solb√¶r-dessert med lakrids (115 kr) - det fortr√∏d jeg ikke.

Indretningen er i bedste K√∏dbyen stil - r√• og enkel - √° la slagterbutik med et skud hipster. Men det fungerer fint, og signallerer, at her er man √¶rlige omkring lokaliteterne, og at fokus er p√• maden, og ikke fine og forlorne fornemmelser. Dette giver en afslappet stemning. Dette betyder til geng√¶ld, at stedet ikke er specielt egnet til candle light dinners - om ikke andet pga. st√∏jniveauet.

Det er jo aldrig billigt at spise frisk fisk og skaldyr af h√∏j kvalitet, men i forhold til, hvad man f√•r, er det absolut godkendt. Jeg kommer helt sikkert igen en anden gang."
9,"En dejlig oplevelse med en 7 retters menu, samt en super vin menu. Og betjeningen var helt i top af den norske gut. Der var desv√¶rre ikke plads til oste anretningen inkl. vin, s√• vi m√• helt sikkert komme tilbage. Bare hyggeligt"
0,"Vi fik super l√¶kker mad, men rumklangen gav meget baggrundsst√∏j, som gjorde det sv√¶rt at tale sammen!"
1,"Bestilte bord online og kom til en ret fyldt restaurant ,men drikke / tysk sk√∏n hvidvin og br√∏d kom med k√¶rnet sm√∏r. Bestilte den kendte ""fish and Chips"" i 2017 fortolkning til deling og en stor vegetarret og stor bl√•musling ,super hyglig middag og alle pengene v√¶rd"
2,Deres fisk er virkelig l√¶kker. Mange forskellige tastings som g√∏r det til en oplevelse fra start til slut.
3,"God atmosf√¶re. Som oftest mange g√¶ster, der skaber en god stemning. Maden er i topklasse, men i den dyre ende. Der mangler lidt komfort, men er vejret godt, kan man sidde udenfor, og da kan man opleve den specielle stemning der er omkring K√∏dbyen."
4,"Stedet var pakket en onsdag aften og reservation absolut p√•kr√¶vet. Trods den store aktivitet form√•ede de mange unge tjenere at levere en god oplevelse. Maden var yderst velsmagende og flot pr√¶senteret Akustikken i det r√• rum kunne v√¶re bedre, men stemningen var i top"
5,Stemningen er dejligt uformel og afslappet s√• man f√•r et positivt chock n√•r man smager hvor l√¶kker deres mad er. Vi fik 1 tasting menu med lidt af hvert samt en gang fish and chips i h√∏j klasse.
6,"Super sk√∏n mad, som jeg fik vild lyst til snart at skulle pr√∏ve igen. Menu med forretter som √òsters, Rogn og laks og derefter hovedretterne som bla. Torsk og kulmule. S√¶rlige sm√• siders med eget touch bl.a risotto gav fisken god samspil og faktisk ogs√• kontrast.
Vi fik husets hvidvin - god og t√∏r til 300 kr pr flaske. Dern√¶st klar til en enkelt cocktail.
Eneste minus var lang ventetid p√• nogle siders og s√¶rligt p√• kaffen som vi bestilte til sidst.
Tror de havde glemt det. Der skete ihvertfald prompte opf√∏lgning og kaffen blev dern√¶st for√¶ret os p√• husets regning.
En rigtig god oplevelse."
7,"Dejligt med et stort udvalg af √∏sters! Vi valgte Bretagne √òsters, hvilket var friske serveret med vinegrete og frisk citron. Vi pr√∏vede ogs√• deres Slethvar og Knivmuslinger som begge retter var utrolig smagsfulde at vi m√•tte bestille en omgang Knivmuslinger extra. Pr√∏vede ogs√• grillet bl√¶ksprutte i sortehvidl√∏g, l√¶kkert frisk og meget smagsfyldt. Dertil Cremant og hvidvin (Riesling og Gruner veltliner)"
8,"Bestilte to tasting menuer med seks retter, som smagte alle ret godt. God variation i fiskeretterne og ganske lette at komme igennem. Dessertterne var lidt specielle."
9,"L√¶kker mad i anderledes omgivelser. H√∏jklasse, men priserne er rimelige. Vil du imponere dine venner, dette er en af de steder, du kan invitere dem p√•."
0,Her er altid sjov og ballade og en sommeraften p√• b√¶nkene foran fiskebaren f√•s ikke meget bedre. Uformel stemning og udm√¶rkede fiskeretter.
1,"Super service og l√¶kker mad til rimlige priser. Pr√∏v deres √òsters, virkelig Mum mum. Bl√•muslinger kan ogs√• anbefales. Vi kommer helt sikkert igen. Husk at bestille bord."
2,"Meget bes√∏gt restaurant med et godt udvalg af l√¶kre, friske retter af fisk og skaldyr. Meget fint vinkort og mange gode bobler. Der kan v√¶re lidt larm p√• grund af lokalet og de mange g√¶ster. Meget s√∏d betjening og muliges for at f√• gode r√•d om vinvalg."
3,"Vi spiste lunch p√• K√∏dbyens Fiskebar 25.2.2017. Mad og service var fantastisk. √òsters, fish & chips. Anbefaler denne restaurant p√• det varmeste. V√¶rd et bes√∏g!"
4,"Vi fik 7-retter samt limfjords√∏sters og alle serveringer var helt i top. Jeg var bekymret for at s√• mange fiskeretter ville blive for ensformigt, men de form√•r at variere retterne."
5,"Rustik, r√•t, cool, typisk K√∏dby-sted. Vi pr√∏vede forskellige retter, alt var godt, perfekt lavet og smukt. Hvis man er til frisk fisk og skaldyr er Fiskebaren et sikker og godt valg."
6,Jeg bes√∏gte fiskebaren med en h√•ndfuld gode venner og vi fik super god og hurtigt betjening af det s√∏de personale. Det er helt klart et af de steder i K√∏benhavn jeg har haft mest succes med at spise fisk og skaldyr. Helt klart et bes√∏g eller to v√¶rd
7,"Der er lidt Soho stemning over den meget r√• men alligevel yders stylede restaurant. Her er intet overladt til tilf√¶ldighederne heller ikke maden. Kortet er pr√¶get af et stort antal kolde og varme forretter men kun to hovedretter med fisk og en enkelt k√∏dret. Og det passer mig fint. Hellere lidt flere retter end en solid. Jeg valgte fish and Chips samt bl√¶ksprutte fra Vesterhavet. F√∏rste ret ok, bl√¶ksprutten super. Min kone fik som forret k√•l, og hovedret torsk. F√∏rstn√¶vnte ret ikke s√• sp√¶ndende men torsken var rigtig fin. Prisniveauet ligger p√• 100-150 kr for forret og ca 100 kr mere for hovedret."
8,"En pludselig indskydelse f√∏rte os en onsdag aften ind i K√∏dbyen. Der var fyldt med biler, men vi fandt dog tilf√¶ldigt en ledig parkeringsplads ud for K√∏dbyens Fiskebar, s√• her gik vi ind. Det store lokale med en stor bar i midten kunne fint v√¶re pakkehal om dagen, da v√¶ggene var bekl√¶dt med fliser og alt virkede industrielt - ikke mindst den rungende og larmende akustik. En hyggelig belysning og hurtig og venlig betjening fik os dog hurtigt sat ved et bord ved bagv√¶ggen, hvor jeg ud over min kone overfor ogs√• kunne se op i et spejl i hele lokalets l√¶ngde, s√• selv om jeg sad med ryggen til, havde jeg fuldt overblik over alt, hvad der foregik i restauranten - hvorfor er der ikke flere, der har f√•et den id√©?
Den hurtige betjening s√∏rgede for drikkevarer, mens vi studerede det sp√¶ndende menukortet. Vi endte med et par mellemretter med hhv. r√∏dsp√¶tte og fish-n-chips. Min kone var begejstret for de to sm√• ""sp√¶tter"" og jeg m√•tte overgive mig til let r√∏get fiskefillet af torsk og et kr√¶mmerhus af avispapir med fritter samt en god klat hjemmelavet remulade. Den upr√¶tenti√∏se ret var ganske enkelt vidunderlig. Alt var stegt perfekt og smagte herligt... og ingen ben.
Desuden stilles der automatisk en flaske hjemmelavet danskvand p√• bordet - som er gratis. Kan man ikke udst√• fisk er der ogs√• en k√∏dret.
Endelig er priserne fornuftige. 2 mellemretter + 2 glas juice blev 300 kr."
9,"Man g√•r bare ikke galt i byen her, hvis man vil spise l√¶kkert og drikke god vin... Fik min √∏sters d√•b herinde - det var s√• godt!!!"
0,"En tallerken med flere forskellige √∏sters og et glad Crement fra Alsace er altid en god start. Her ud over fik en super l√¶kker menu , hvor specielt desserterne var meget kreative nye smags kombinationer. Kan varmt anbefales."
1,Super god oplevelse at spise p√• fiskebaren i k√∏dbyen. Hip og spr√∏d atmosf√¶re og l√¶kker mad i √∏jenh√∏jde med g√¶sterne
2,"P√• K√∏dbyens Fiskebar fik vi velsmagende og p√¶nt arrangerede fiskeretter. Men priserne er i et h√∏jt leje i forhold til kvaliteten. Det st√∏jer en del i det bistro agtige storrum. Og betjeningen kunne bestemt strammes an - de var flinke nok, men der var lange ventetider og manglende opm√¶rksomhed."
3,"Vi havde en hyggelig aften p√• Fiskebaren, og det meste af maden var af rimelig standard. De snaks vi fik viste personalet ikke hvilken fisk det var lavet af, og vi fik at vide de skiftede mellem hvilken fisk de brugte til dem. Vi var ikke vilde med dem, resten af m√•ltidet var udem√¶rket men havde forventet mere. Der er helt klart bedre muligheder i K√∏dbyen, og bedre fiske restauranter i K√∏benhavn."
4,"Framragende mad til en fornuftig pris. K√∏benhavns bedste fiske stedüëåüèº Alt spiller her, mad, betjening, vin og omgivelserne fra den gamle k√∏dby."
5,"Dejligt at sidde udenfor med drinks i sommersolen, MEN prisniveauet forekommer 20% for dyrt og ret skuffende at bl√•muslingerne var helt kolde og selve ""dyret"" ret lille. De f√•s ellers i ret god kvalitet i alle supermarkeder just nu. Fiskebaren burde kunne f√• en bedre kvalitet muslinger p√• nuv√¶rende tidspunkt. De forekom ikke helt friskdampede. Vi fik ogs√• √∏sters - de var fine og friske. Betjeningen var kvik - dog lidt underligt at blive betjent p√• engelsk af tjener, der taler dansk til nabobordet :-)"
6,"I m√∏dekommende modtagelse, fik hurtig anvist et bord og udleveret menukort.
Bestilte 3 gange √∏sters, det kludrede de i, men vi fik det bestilte efter en kort ventetid. Vinen var varm ved serveringen, men det rettede en vink√∏ler hurtig op p√•- i √∏vrigt en fremragende vin. Bl√•muslinger, stor portion hovedsageligt ganske sm√• muslinger ganske velsmagende men temmelig mange som stadig var lukkede og 2 stk. helt ford√¶rvede. Der var sand eller andet i mange, men det er sv√¶rt at undg√•. Vi havde forn√∏jelsen at blive betjent af 4 forskellige tjenere. Samlet set en gennemsnitlig oplevelse og ikke det vi havde forventet."
7,"Helt igennem en oplevelse ud over det s√¶dvanlige. B√•de personale og maden var helt i top. Vi fik deres 7 retters menu og vin menu til, hvilket vi helt klart kan anbefale videre."
8,5 t√∏ser p√• slap Line Startede ud med l√¶kre drinks efterfulgt af l√¶kker l√¶kker mad... S√• blev vi inviteret ud i k√∏kkenet og fik en rundvisning af kokken!!!! Hvor fedt er det lige... Sluttede selvf√∏lgelig af med flere l√¶kre drinks...
9,"Vi kunne ikke f√• et bord, s√• vi endte i baren. Det viste sig at v√¶re et meget bedre sted at blive placeret. Der var overblik, mere lyst og venligt og en dejlig mulighed for ikke at g√∏re hele middagen s√• ""officiel""
Hurtig betjening, god mad uden at prale. Pris som alle andre. Men ikke i den helt billige ende. Tjenerene er udenlandske, hvilke g√∏r det lidt mere internationalt p√• den okay m√•de.
En god oplevelse f√∏r en tur i biografen.
Det er rigtig sv√¶rt at f√• p-pladser i omr√•det."
0,"Vi fik bl√•- og kammuslinger og til trods for at begge dele smagte godt, s√• levede i hvert fald kammuslingerne op til restaurantfordommen om sm√• portioner. Det gjorde desserten ogs√• som vi ventede alt for lang tid p√•.
Vi havde dog et hyggeligt m√•ltid og synes det hele smagte rigtig dejligt."
1,Fik en l√¶kker √∏rred tatar til forret som var lavet meget kreativ baseret p√• rigtig gode r√•varer. Derefter en kulmule som var rigtig god men lidt dyr til 265 kr! L√¶kker dessert med marcipan og gedeost. Rigtig god oplevelse
2,Fik flere forskellige retter som jeg delte med min mand derfor fik vi smagt p√• mange af de delikate fiskeretter restaurenten byder p√•. Maden er i den dyre ende men restaurenten er bestemt et bes√∏g v√¶rd.
3,"Vi havde f√•et fiskebaren anbefalet da vi var p√• mandetur til K√∏benhavn. Bestilte 7 retters menuen til 600kr og 5 glas vin der skulle passe dertil til 500kr.
Maden var flot og sp√¶ndende, men vinen var en stor skuffelse, flere af vinene var i bedste fald kedelig, s√• hvis jeg skal dertil igen bestiller jeg helere en flaske god vin jeg kender end at lave dem servere vinen..
Anbefales dog."
4,"Stemningen er hyggelig og casual og vi fik to pladser i baren og kunne kigge rundt og betragte tabernaklet. Vi skulle ikke have det helt store og bestilte bare 2 store portioner bl√•muslinger og to Carlsberg Nordic. √òllene kom straks og kort tid efter fulgte et rustikt og udm√¶rket stykke br√∏d, med hvad jeg tror var r√∏rt sm√∏r. Musingerne kom ogs√• hurtigt. Faktisk foruroligende hurtigt og da de stort set alle l√• bitte sm√• i skallerne, mist√¶nker vi k√∏kkenet for at have muslingerne til at ligge f√¶rdigkogte, n√¶sten parate til at komme p√• bordet. Muslingerne blev serveret med en fin fl√∏desovs, sm√• terne af selleri samt enkelte stykker for√•rsgr√¶s eller lignende. Der var relativt mange muslinger, hvor skallen var i stykker samt muslinger, der ikke havde √•bnet sig under kogningen.
Vi har f√•et muslinger, der var billigere og bedre andre steder og det virker som om restauranten har mere fokus p√• logistikken end at maden skal v√¶re i top.
Personalet var flinke og travle.
Vi har pr√∏vet det og pr√∏ver fremover noget andet."
5,"Vi tog til spansk tapasaften p√• Halmtorvet, men der var lange k√∏er og vi valgte at pr√∏ve lykken i K√∏dbyen. I Fiskebaren var vi heldige at f√• 2 pladser ved ""baren"". Dejlig naturlig orange vin og 3 virkelig gode retter.."
6,"Maden fejler ikke noget, men akustikken er helt forf√¶rdelig. Syntes nu restauranten skal pr√∏ves trods stedets indretning"
7,"Jeg nyder og komme forbi, f√• en √∏l i eftermiddagssolen og spise lidt let. Inviterede familien ind og t√¶nkte vi ville overraskes, s√• vi tog menuen. Det var som altid frisk og smagte fint, og det er vel det. Ingen udfordring af smagsl√∏g, ingen overraskelse, men ok."
8,"Maden var s√• l√¶kker og frisk! Desv√¶rre var der meget st√∏j, s√• hvis man er lidt sensitiv, s√• skal man nok g√• udenom dette sted. Ville klart bes√∏ge stedet igen, hvis muligheden opstod :)"
9,"Vi fik kulmule, kammuslinger og bl√•muslinger. Meget l√¶kre og veltilberedte r√•varer med sp√¶ndende tilbeh√∏r serveret kompetent og im√∏dekommende. Og hertil en sp√¶ndende k√∏lig Alsace-pinot noir, ufiltreret."
0,"S√• lykkedes det at komme derind - og hvilken positiv overraskelse... S√¶rdeles rustille lokaler, der bar tydelig pr√¶g af tidligere tiders tjeneste. Fik 'smagemenuen' som denne aften bestod af bl.a. √∏rred, kammuslinger, kulmule, helleflynder(?) og flere andre ting. Alt var absolut veltilberedt, velpr√¶senteret og s√¶rdeles velsmagende. Jeg fik en lille overraskelse... I den ene ret var der et ganske lille stykke plastik, og restaurantens reaktion var forbilledlig: Tilbudt ny ret, men vi spurgte om vi ikke fik vinen i stedet - dette blev accepteret uden problemer og med stor beklagelse oger at det lille fremmedlegeme havde fundet vej til retten. Jeg kommer tros det lille 'sk√•r' meget gerne igen... Anbefales kraftigt!"
1,"Vi var der en l√∏rdag aften. Det er vigtigt at bestille bord da der er propfyldt. God og hurtig betjening. Blev tilbudt at se k√∏kkenet. Rigtig l√¶kker mad. Fik stenbidderrogn til forret - meget l√¶kkert. Fik kulmule til hovedret. Nok den l√¶kreste fisk jeg har f√•et. Fik ogs√• r√∏get ""fish and chips"" - super l√¶kker.
Alt i alt en rigtig god oplevelse. Kommer der helt sikkert igen."
2,"N√•r du kommer ind p√• K√∏dbyens Fiskebar er der en k√¶mpestor bar i midten med borde rundt om. Hvis du ikke har bestilt bord, kan du blot s√¶tte dig ved baren. Uanset hvor du sidder, kan du v√¶lge mellem mange retter med fisk og skaldyr. Alt sammen helt friskt. Kan kun anbefales."
3,"Fiskebaren er helt klart et bes√∏g v√¶rd. Fantastiske retter, dejlige vine og super betjening. Hyggeligt at f√• lov at se k√∏kkenet"
4,"Meget rustikt lokale og indretning, men maden er i topklasse, og god betjening. Vi kommer helt sikkert igen."
5,Dette er 3 gang vi bes√∏gte Fiskebaren.. Og igen var det helt i top.. Elsker selv udvalget af √òsters og mine medspisere n√∏d fish og Chips.. Super atmosf√¶re
6,"Service og stemning er uh√∏jtidelig. Maden er pr√¶cist tilberedt og flot anrettet.

Det er ikke et sted, der er lavet for at udfordre den m√•de, vi spiser fisk p√• her i Nordeuropa. De leger ikke med fermenteringer eller vildt atypiske fisk.

Men du kan f√• en rigtig godt tilberedt kulmule eller torsk, et flot udbud af √∏sters, krabbe, muslinger og alt andet godt havmad. Der er god balance i konsistens og smag i tilbeh√∏ret, som kommer i form af skum, byg i gr√∏n sauce og meget mere.

Desserten var ogs√• lige i √∏jet med blanding af klassikere som chokolade og praline med sjove twists af √∏llebr√∏d-knas, porter og malt-skum.

Fiskebaren er nok det perfekte sted at tage p√• en date med en ny k√¶reste. Stemningen er tilpas afslappet, og maden er let og dejlig."
7,"Virkelig hyggeligt sted med sm√• kroge, s√• vi kunne sidde helt privat, selvom vi var et st√∏rre selskab.
Maden var helt exceptionel god! Virkelig l√¶kkert og intet at s√¶tte en finger p√•.

Vores tjener var ny og fors√∏gte virkelig sit bedste, men haltede i forhold til resten af oplevelsen."
8,"Vi fik en varieret og l√¶kker servering ""Under overfladen"" pr√¶senteret og serveret af effektivt og im√∏dekommende personale"
9,"Vores maden er l√¶kkert anrettet, den smagte godt og vi oplevede at prisen svarede til det vi fik. Omgivelserne er en sp√¶ndende blanding mellem bar og restaurant - fin ide. Betjeningen svarer ikke til prisen. P√• en fastfood restaurant ville jeg have sagt, at det svarede til prisniveauet. Her er vi imidlertid i en helt anden kategori, det betyder ogs√• at personalet b√∏r v√¶re bedre udvalgt og tr√¶net. Samlet set g√∏r det, at Fiskebar ikke st√•r √∏verst p√• listen over steder, hvor jeg vil tage g√¶ster med ud - √¶rgeligt for mad og atmosf√¶re er god."
0,"Efter at have booket bord et par gange f√∏r, kom vi endelig afsted til Fiskebaren i K√∏dbyen. Vi fejrede Valentines og fik √∏sters samt en 3-retters menu. Alt var intet mindre end fantastisk - meget imponerende. Tak!"
1,Vi fik en fantastisk l√¶kker forret med kammuslinger. Sjov r√• atmosf√¶re og god betjening. Kunne godt t√¶nke mig at komme igen til sommer og sidde udenfor
2,"Var med familien ude at spise, og valgte denne dejlige restaurant med masser af fisk og en enkelt b√∏f. Retterne er ikke s√• store men smagen er rigtig god, og flot anrettet. Stedet oser af hygge, og vi fik anvist et bord i hj√∏rnet, hvor vi alle kunne tale sammen. Til sidst vil jeg lige rose deres drinks :)"
3,"Fornuftig mad, men en betjening, der bestemt kan forbedres. Meget upersonlig og lettere ligegyldig betjening."
4,Vi valgte tastingmenuen p√• syv retter og blev virkelig udfordret p√• vores smagsl√∏g. Eksempelvis sm√• syltede agurkekugler rullet i citronaske! Kulmulen var perfekt stegt. Intet at s√¶tte sin finger p√•. Vi valgte vinmenuen men m√•ske en flaske havde v√¶ret bedre.
5,"Sidst jeg spiste p√• K√∏dbyens Fiskebar fik jeg fish and chips og en √∏l ....... det skulle jeg have holdt mig til skulle det vise sig.

Vi var 6 kollegaer i byen og for at spare tid bestilte vi menuen p√• 7 retter. Det skulle vise sig at v√¶re en skuffelse. Forretterne kom p√• skifferplader og s√• sm√• happere af rogn og tartar og lidt dressing men alt for lidt til at man rigtig kunne smage det. Hovedretten var et firkantet stykke kulmule. Heldigvis kom der 2 x dessert men totalt set blev man ikke s√¶rlig m√¶t.

Vinmenuen var OK selvom de unge tjenere ikke rigtig kunne udtale navnene. Per kuvert blev det 1100 kr og det er for meget for det vi fik.

Da vi havde spist desserten blev vi smidt ud fordi det viste sig at der var tidbegr√¶nset servering. Det kunne man godt have sagt da vi kom. Og hvis tjeneren havde v√¶ret lidt kreativ havde vi vel kunne f√• kaffe ved bardisken i stedet for at skulle g√• et andet sted hen.

K√∏dbyens Fiskebar vil for meget p√• en gang. Man kan ikke v√¶re b√•de bar og gourmetrestaurant og prisbillig flere serveringer pr aften sted samtidigt. Man m√• v√¶lge.

For mig er de prim√¶rt en BAR der serverer fisk til nogle drinks - hold fast ved det og lad v√¶re med at skrue prisen op bare fordi det ligger i K√∏dbyen."
6,"Jeg p√• var Fiskebaren med en veninde, og jeg m√• indr√∏mme at jeg synes det var lidt tamt. Maden var OK og ikke mere, derimod synes jeg at der var mangel p√• service. Vores tjener virkede ikke rigtig som om at hun havde lyst til at v√¶re p√• arbejde den dag."
7,"Vi pr√∏vede en del forskellige retter fra kortet til deling.
Bla. Bl√¶ksprutte -- krabbe--- k√∏d i 3 forskellige variationer.
Alle retter fremstod virkelig l√¶kkert og s√¶rdeles velsmagende.
Servicen var i top og kulminerede med en rundvisning i k√∏kkenet p√• trods af fuldt hus.
K√¶mpe anbefaling fra
K√∏kkenchefen K√∏benhavn."
8,"K√∏dbyens Fiskebar laver rigtig god mad. Jeg fik en forret med kammuslinger og blomk√•l, hvilket var rigtig godt. Og hovedretten var en klassiker ‚Äî fish'n chips ‚Äî hvilket var fantastisk. K√∏dbyens Fiskebar kan varmt anbefales."
9,"N√•r du har spenderbukserne p√• og leder efter en s√¶rlig oplevelse er Fiskebaren et godt valg.
Har spist her tit og v√¶lger altid 3-4 mindre retter og en 2-3 cocktails.
Regningen l√∏ber nok lidt op men personalet er kompetent og maden er varieret, opfindsom og af god kvalitet med lokale r√•varer."
0,"√òsters, bl√•muslinger, l√¶kre desserter, fantastiske drinks (pr√∏v en Flemming Collins), dejlig r√• stemning."
1,Hvis du √∏nsker en 'rigtig' restaurant er dette ikke byens bedste bud. Men er du p√• vej i byen med h√∏jr√∏stede venner er det super mad og stemning.
2,"En oplevelse ud over det s√¶dvanlige p√• en rigtig √∏v m√•de. Jeg var inde og spise p√• fiskebaren her til aften (onsdag d. 14. oktober), men jeg brugte desv√¶rre det meste af aftenen p√• at sidde helt paf over den d√•rlige service.
Vi havde gl√¶det os til at pr√∏ve fiskebaren for f√∏rste gang, men det bliver nok f√∏rste og sidste bes√∏g... Sj√¶ldent er jeg blevet talt s√• meget ned til. Som et eksempel af mange: Jeg sp√∏rger, om man f√•r noget med til sine pomfritter, for at finde ud af om man seperat skal bestille den hjemmelavede dip, som alle de andre spiser.
Det v√¶lger han at svare p√• ved at l√∏fte det ene √∏jenbryn og sige; ""nej du kan alts√• ikke f√• ketchup til dine pomfritter her"". Rigtigt k√¶kt p√• den arrogante m√•de. Jeg havde da ikke t√¶nkt mig at spise moules frites med ketchup, hvilket intet i min h√∏flige sp√∏rgen kunne indikere.
Denne facon k√∏rte han resten af aftenen, hvilket uheldigvis fjernede fokus fra en ellers hyggelig aften.
Rigtig √¶rgerligt med den d√•rlige service, som jeg kan fornemme at andre ogs√• har oplevet. For maden er jo s√•dan set rigtig l√¶kker. Jeg ville √∏nske, man kunne tage aftenen om med en anden tjener."
3,SK√òN mad ikke mindre üëç Fantastisk betjening og vidunderlig atmosf√¶re üòÑ Kan virkelig anbefales üåüüåüüåüüåüüåü
4,"""Kom tilf√¶ldigt forbi"" efter en hyggelig slentretur gennem Frederiksberg alle, V√¶rnedamsvej etc, s√• dette var prikken over i'et ! R√• og autentisk indretning, 6-stjernet betjening fra vi tr√•dte ind af d√∏ren ... Som F.eks da tjeneren p√• 50 meters afstand h√∏rte min kone tabe sin kniv, og efter et splitsekundt diskret kom med en ny ... Bare eet eksempel.
Maden var frisk, vel-tilberedt og interessant
... Absolut et sted vi vil komme igen .. N√•r vi skal fork√¶le os selv i uformelle omgivelser"
5,"Maden p√• fiskebaren er god, retterne er sm√• s√• man kan spise mindst 3-4 pr. person. Det bringer prisen klart i den h√∏jere ende, men vi f√∏lte at der var pengene v√¶rd da maden b√•de var god og opfindsom. Vi fik dog serveret en sodavand fra Ebeltoft mosteri som var udl√∏bet. Den blev skiftet ud efter at vi havde spurgt til den et par gange og det duer ikke et sted med s√• h√∏j en pris. Det ville efterf√∏lgende have kl√¶dt stedet at fraskrive denne ret dyre sodavand fra regningen hvilket ikke skete."
6,"Tog ind til k√∏dbyen for at fejre en m√¶rkedag med Fruen og fandt dette sk√∏nne sted. Vidunderlig service af vores servitrice Maria og hendes kollegaer. Fik en sk√∏n cava og bagefter en Loire vin til vires Fish and Chips. Den letr√∏gede fisk var fantastisk velsmagende og fremfor al saftig. Gid hjemmer√∏rt remo til. Chips var efter min mening for sm√•. Bagefter delte vi en dessert baseret p√• tre af deres desserter....WOW,! lakrids, jordb√¶r og rabarber. meget l√¶kkert.Og sluttede af med en sk√∏n rundvisning i k√∏kkenet af deres Chef fra Australien- thanks Mate!"
7,"Kom til Fiskebaren fredag aften med et par venner og vi skulle have et hurtigt m√•ltid inden vi skulle til koncert.
Der var kun plads udenfor, og selv om det ikke var meget varmt, s√• var det OK, og der var t√¶pper til dem de fr√∏s.
Vi bestilte forskelligt: muslinger, asparges, fish and chips og dampet r√∏dsp√¶tte.
Br√∏det blev serveret med pisket sm√∏r, og det var ogs√• rigtig godt.
Det blev serveret superhurtigt, og alt var rigtig l√¶kkert, friskt og veltillavet.
Vinen var god og rimelig i pris.
Betjeningen var effektiv, og s√∏d og im√∏dekommende.
Kan anbefales."
8,"R√•t sted ,gammelt slagteri...super l√¶kkert mad og sublime √∏sters. Et sted man skal pr√∏ve .Kommer altid der n√•r vi skal ha √∏sters"
9,"Supersted, super mad, super stemning. Alt er i top - og forst√•r godt, at de er upcomers til Michelin stjerner.
Pr√∏v det - og lad jer ikke snyde: de kan ogs√• stege k√∏d til perfektion!
Har v√¶ret der flere gange - og lige positivt hver gang!"
0,"Trendy fiskerestuarent. Vi lagde ud med fisketatar. Var super l√¶kker anrettet og smagte fantastisk. Herefter fik vi Fish and Chips - torsken var let r√∏get, hvilken gav den en meget delikat smag. Chips'ne blev serveret i avispapir(vesterbrobladet). Vi bestilte og en portion bl√•muslinger til deling. De l√• i en fantastik suppe, med en smag hel i top. Bestemt et bes√∏g v√¶rd - et fiskested i s√¶rklasse."
1,"Pr√∏v endelig denne restaurants udgave af fish and chips - overraskende l√¶kker. Vi m√•tte k√∏be en ekstra portion. Ellers er det en god ide at deles om retterne, s√• man f√•r smagt mest muligt. Vildt l√¶kre kammuslinger Og frisk, velstegt fisk. meget dyr stenbiderrogn i forhold til m√¶ngde, men det var vist ogs√• noget af s√¶sonens f√∏rste, s√• det tager vi med. Bestemt et bes√∏g v√¶rd. Man kan ogs√• f√• fin b√∏f, men fisken er i s√¶rklasse!"
2,"Var sammen med to kolleger, efter en travl messedag.Modtagelsen var meget elskv√¶rdig, da vore bord ikke var klar sad vi baren og fik en drink.da vores bord var klar blev vi vist derhen, sikke en skuffelse meget lidt plads og vippende stol.
Vi fik alle det samme at spise, Snowcrap til forret og kulmule til hovedret. Til dessert fik vi en √¶bleret.
Maden var fantastisk, is√¶r kulmulen, jeg har aldrig f√•et s√• velstilberedt en fiske ret. Den var perfekt stegt, en oplevelse.
Stedet kan st√¶rkt anbefales, bare der dog kom lidt andre borde og stole."
3,"I K√∏dbyen ligger en af K√∏benhavns bedste fiskerestauranter med retter tillavet af gode friske r√•varer og med velsmagende tilbeh√∏r. I forhold til den h√∏je kvalitet er priserne rimelige, og vinkortet tilstr√¶kkeligt til at tilfredsstille de fleste.
Betjeningen er kompetent og opm√¶rksom uden at v√¶re anmasende. Man kan bade side ved borde og selve baren. Der er god plads mellem bordene, s√• man kan v√¶re lidt privat i det ellers store locale."
4,"Meget hyggeligt og uformelt stemning. Maden var meget sp√¶ndende og l√¶kkert. Men man skal bestille 3-4 portioner hvis man er meget sulten :) Ikke s√• stor udvalgt af skaldyr ‚Äì i hver faldt i december m√•ned.

Rigtig godt udvalgt af √∏sters :)

God priser p√• vin/champagnen"
5,"Maden er helt i top. Friske r√•varer, meget l√¶kkert tilberedt, smagfuld mad, flot anrettet. P√¶nt vinkort med rimelige priser. S√∏de betjening, selv om ikke alle kan r√•dgive om fx vin. Der var dog en sommelier til stede. Lidt for h√∏j musik. Hipt sted.a"
6,"H√∏j kvalitet mad, venlige service, god stemning. En lite for dyrt. Husets vin er helt okay. Tjeneren var nyttige."
7,"Vi var en st√∏rre gruppe, der bes√∏gte stedet. Sad udenfor og fik serveret lidt af hvert fra spisekortet. Tjeneren guidede os godt rundt i retterne - og vi fik smagt lidt af hvert. Restauranten ligger centralt p√• Fl√¶sketorvet som har sin helt egen r√• charme. Den er lige til den smarte side - for en jyde som mig. Er sp√¶ndt p√• at se, om de kan holde niveauet i forhold til det temmeligt h√∏je prisniveau."
8,"Virkelig velsmagende mad, serveret i upretenti√∏se omgivelser. B√•de forret, hovedret og dessert var af h√∏j kvalitet. Tjenerne var alle venlige og servicen var helt i top. Efter middagen blev vi inviteret ud i k√∏kkenet. Stor oplevelse. Stor tak til samtlige ansatte, for en stor oplevelse."
9,"sp√¶ndende location specielt p√• en god sommerdag, hvor man kan sidde ude. Lidt for h√∏j musik til en resto.
Sp√¶ndende menukort og god mad - flot anrettet. Tjeneren burde dog nok p√• en √∏stersbar kunne fort√¶lle kunden om forskellen p√• de forskellige √∏sters p√• menukortet.
Bortset fra at muslingesuppen var alt, alt for salt og det samme for enkelte af de andre retter der blev serveret var alt meget veltilavet og dejligt, m√¶ngden lidt i underkanten. Saltm√¶ngde er en smagssag, men god fisk og gr√∏nsagerbeh√∏ves ikke bed√∏ves i salt for at fremh√¶ve smagen."
0,"Her sker lidt af hvert. Men maden er god. Lidt stressende stemning da du kan g√• p√• bar eller sidde og spise i samme lokale. Men det bliver blandet til en sk√∏n oplevelse. Maden kan der ikke s√¶ttes fingre p√•, den smager som den skal og madoplevelsen er der !"
1,"Velsmagende fiskeretter. Portioner er sm√• og prisen lidt i overkanten, hvilket kompenseres af den gode smag og milj√∏et. Kan anbefales."
2,"Fiskebaren er den d√•rligste mad og restaurant oplevelse jeg har haft i K√∏benhavn. Maden er rimelig, der er dog klare fejl og mangler. Pomfritter der ikke er spr√∏de, skalrester i √∏sters der ikke er helt frigjort etc.

Personalet er simpelthen bundelendigt. De blev ved med at tale engelsk til os (vi var placeret blandt en enklave af engelsktalende borde), de havde ikke styr p√• tempoet, vi fik forkerte retter og vin, skulle selv bede om at f√• br√∏det p√• bordet, og for at toppe det hele gav de os en forkert regning, som vi selv m√•tte f√∏lge op p√•, var den forkerte.

Det kunne v√¶re de skulle holde sig til at servere cocktails og √∏l - der er knapt s√• meget der kan g√• galt.

Jeg kan og vil ikke anbefale Fiskebaren. Vi var p√• no. 2 for 14 dage siden - prisen var den samme, men indholdet var s√• meget bedre. S√• derfor, brug pengene det rigtige sted, og lad v√¶re med at hoppe p√• det fancy indhold og den h√∏je musik. Det er spild af penge."
3,"Vi (en veninde og jeg) spiste lidt impulsivt p√• denne restaurant. Det var egentlig mit f√∏rste m√∏de med en ren fiskerestaurant og jeg kommer tilbage. Vi havde ikke booket bord, hvilket tydeligvis er bedst, hvis man spiser der fredag aften. Vi fik dog plads ved baren, hvor man samtidig sidder t√¶t p√• personalet, og derfor hurtig service :)
Det var virkelig l√¶kkert! Der var flere muligheder for at sammens√¶tte sin egen menu i kolde retter, varme mindre retter, hovedretter og Desert (som ikke var fisk). Vi valgte 3 retter. Stegte krebs, bl√•muslinger (som hovedret) og vist nok pighvar! Vi delte alle 3 retter og der var n√¶sten for meget mad. Det var √¶stetisk smukt, l√¶kre smagssammens√¶tninger og smagte s√• godt. Det er en af de bedste fiskeoplevelser jeg har haft.
Det eneste minus ved stedet er at der m√•ske er lidt h√∏j musik og mange mennesker (hvilket ogs√• er godt). Det er en restaurant med meget fart p√•. Til geng√¶ld er maden virkelig god. Hvis man har brug for en stille og rolig aften er dette m√•ske ikke stedet, men mere l√¶kker fisk af god kvalitet!"
4,"Der er ikke sket meget andet med lokalet siden den sidste gris blev slagtet der end at der er sat en bar, borde og stole og et k√∏kken og det giver en helt speciel stemning p√• den fede m√•de. Maden er sublim og betjeningen helt i top. kan varmt anbefales."
5,"Irriterende at blive spurgt til drikkevarer af 3 forskellige tjenere inden der er g√•et 5 min. Og specielt n√•r man ikke har bestemt maden endnu. Da vinen s√• endeligt blev besluttet, blev det ene glas sk√¶nket fra forskellige slatter i √•bne flasker - d√•rlig stil.
Br√∏det var t√∏rt og maden generelt ok men til den dyre side."
6,"Maden p√• K√∏dbyens Fiskebare er dejlig enkel, gode r√•varer og meget velsmagende. atmosf√¶ren er dejlig afslappet og deres cocktails er super. en super restaurant i et sp√¶ndende omr√•de."
7,"Vi var 7 personer fra foreningen som havde valgt at spise p√• K√∏dbyens Fiskebar. Vi fik hvidvin og champagne som var rigtig gode og de var ikke s√• dyre. Vi startede med en masse √∏sters og en enkelt fik kongekrabbe, det var utrolig l√¶kkert og man kunne smage pr√¶cis de √∏sters man ville have. De havde 4 forskellige slags √∏sters. Til hovedret har de en enkelt k√∏dret, som var ribeye, men ellers var der fisk i mange afskygninger. Vi valgte alle fisk til hovedret og det var ogs√• rigtig l√¶kkert. Den eneste anke var tilbeh√∏ret i form af byggr√∏den, som var lidt kedelig, den var som risotto med smag fra hjertemuslinger. Man kunne dog f√• kartoffelfritter i stedet. Vi havde 2 glutenallergikere og 1 laktoseallergiker med, men det var intet problem for fiskebaren. Alle var glade da vi tog hjem efter 3 timer."
8,"Var der med en ven, vi er glade for √∏sters og de var rigtig gode. De resterne retter, hele i orden, men m√•ske lidt ordin√¶re. Det kommer selvf√∏lgelig an p√• ens udgangspunkt, men hvis man har forventninger om et meget innovativt k√∏en, s√• kan man godt blive lidt skuffet. Vi sad tilbage med f√∏lelsen af, at k√∏kkenet k√∏rte lidt p√• rutinen."
9,"Sp√¶ndende indretning. Gammel slagtehal i K√∏dbyen bevaret i den oprindelige stil. Sjovt at g√• gennem de gamle rusfrie st√•ld√∏re, oprindeligt til k√∏leboksen, nu til toilettet.
Gode fiskeretter. Vi var 2 personer som delte 4 forretter for at pr√∏ve mest muligt at de sp√¶ndende forretter.
Hovedretterne s√• lidt kedelige ud.
Fint vinkort, stort udvalgt i hvidvine. Vinen bliver ikke √•bnet ved bordet, der bliver ikke sk√¶nket op. Men ellers var tjenerne meget vidende om maden, ogs√• detaljer - det var vi imponeret over!"
